source_id	subject_id	session_id	bold_num	t1w_num	t2w_num	bold_size	t1w_size	bold_duration_total	bold_duration_mean	bold_voxels_total	bold_voxels_mean	datatypes
ds003798	sub-CC0002	ses-core1p1	2	2	0	72637341	15556377	800.0	400.0	385024	192512.0	anat,fmap,func
ds003798	sub-CC0003	ses-core1p1	2	2	0	72745528	16075633	800.0	400.0	385024	192512.0	anat,fmap,func
ds003798	sub-CC0003	ses-core1p2	2	2	0	293878684	15966250	800.0	400.0	716800	358400.0	anat,fmap,func
ds003798	sub-CC0005	ses-core1p1	2	2	0	72138948	16044856	800.0	400.0	385024	192512.0	anat,fmap,func
ds003798	sub-CC0005	ses-core1p2	2	2	0	303057456	17362870	800.0	400.0	716800	358400.0	anat,fmap,func
ds003798	sub-CC0006	ses-core1p1	2	2	0	75828702	18002762	800.0	400.0	385024	192512.0	anat,fmap,func
ds003798	sub-CC0006	ses-core1p3p0	2	2	1	337628366	18457368	800.0	400.0	716800	358400.0	anat,fmap,func
ds003798	sub-CC0006	ses-core2p2	4	1	1	1437442618	11807472	1670.1999715566635	417.5499928891659	1536000	384000.0	anat,fmap,func
ds003798	sub-CC0007	ses-core1p1	2	2	0	71762614	17401443	800.0	400.0	385024	192512.0	anat,fmap,func
ds003798	sub-CC0007	ses-core1p2	2	2	0	299403410	17882240	800.0	400.0	716800	358400.0	anat,fmap,func
ds003798	sub-CC0007	ses-core2p2	4	1	1	1392620689	10983975	1670.1999715566635	417.5499928891659	1536000	384000.0	anat,fmap,func
ds003798	sub-CC0008	ses-core1p1	2	2	0	79231095	18868945	800.0	400.0	385024	192512.0	anat,fmap,func
ds003798	sub-CC0008	ses-core1p2	2	2	0	338799229	20047227	800.0	400.0	716800	358400.0	anat,fmap,func
ds003798	sub-CC0008	ses-core2p2	4	1	1	1477631203	12747294	1670.1999715566635	417.5499928891659	1536000	384000.0	anat,fmap,func
ds003798	sub-CC0009	ses-core1p1	2	2	0	78524302	18735882	800.0	400.0	385024	192512.0	anat,fmap,func
ds003798	sub-CC0009	ses-core1p2	2	2	0	342354869	18984080	800.0	400.0	716800	358400.0	anat,fmap,func
ds003798	sub-CC0010	ses-core1p2	2	2	0	340103389	20987266	800.0	400.0	716800	358400.0	anat,fmap,func
ds003798	sub-CC0011	ses-core1p2	2	2	0	333423475	18545804	800.0	400.0	716800	358400.0	anat,fmap,func
ds003798	sub-CC0011	ses-core2p2	4	1	1	1400178741	12702961	1670.1999715566635	417.5499928891659	1536000	384000.0	anat,fmap,func
ds003798	sub-CC0012	ses-core1p1	2	2	0	73055425	16936646	800.0	400.0	385024	192512.0	anat,fmap,func
ds003798	sub-CC0012	ses-core1p3p0	2	2	1	300629592	17763469	800.0	400.0	716800	358400.0	anat,fmap,func
ds003798	sub-CC0012	ses-core2p2	4	1	1	1408219623	11163931	1670.1999715566635	417.5499928891659	1536000	384000.0	anat,fmap,func
ds003798	sub-CC0013	ses-core1p1	2	2	0	76618198	17873502	800.0	400.0	385024	192512.0	anat,fmap,func
ds003798	sub-CC0013	ses-core1p2	2	2	0	321410988	19101156	800.0	400.0	716800	358400.0	anat,fmap,func
ds003798	sub-CC0014	ses-core1p1	2	2	0	74925121	17628809	800.0	400.0	385024	192512.0	anat,fmap,func
ds003798	sub-CC0014	ses-core1p3p0	2	2	1	302975579	17965765	800.0	400.0	716800	358400.0	anat,fmap,func
ds003798	sub-CC0015	ses-core1p1	2	2	0	77523210	17591823	800.0	400.0	385024	192512.0	anat,fmap,func
ds003798	sub-CC0016	ses-core1p1	2	2	0	80284542	18401967	800.0	400.0	385024	192512.0	anat,fmap,func
ds003798	sub-CC0018	ses-core1p1	2	2	0	72330440	15884228	800.0	400.0	385024	192512.0	anat,fmap,func
ds003798	sub-CC0023	ses-core1p1	2	2	0	76433099	17686627	800.0	400.0	385024	192512.0	anat,fmap,func
ds003798	sub-CC0024	ses-core1p3p1	2	2	1	319398527	19445273	800.0	400.0	716800	358400.0	anat,fmap,func
ds003798	sub-CC0024	ses-core2p2	4	1	1	1464428284	11738405	1670.1999715566635	417.5499928891659	1536000	384000.0	anat,fmap,func
ds003798	sub-CC0025	ses-core1p1	2	2	0	77005918	18023059	800.0	400.0	385024	192512.0	anat,fmap,func
ds003798	sub-CC0025	ses-core1p3p1	2	2	1	322002601	19331688	800.0	400.0	716800	358400.0	anat,fmap,func
ds003798	sub-CC0026	ses-core1p1	2	2	0	74931122	16698528	800.0	400.0	385024	192512.0	anat,fmap,func
ds003798	sub-CC0027	ses-core1p1	2	2	0	73588459	17358238	800.0	400.0	385024	192512.0	anat,fmap,func
ds003798	sub-CC0027	ses-core1p3p0	2	2	1	305287157	18371472	800.0	400.0	716800	358400.0	anat,fmap,func
ds003798	sub-CC0029	ses-core1p1	2	2	0	75437537	17518048	800.0	400.0	385024	192512.0	anat,fmap,func
ds003798	sub-CC0029	ses-core1p3p0	2	2	1	305457989	19097944	800.0	400.0	716800	358400.0	anat,fmap,func
ds003798	sub-CC0029	ses-core2p2	4	1	1	1406985255	11704969	1670.1999715566635	417.5499928891659	1536000	384000.0	anat,fmap,func
ds003798	sub-CC0032	ses-core1p1	2	2	0	71685692	15337560	800.0	400.0	385024	192512.0	anat,fmap,func
ds003798	sub-CC0033	ses-core1p1	2	2	0	71891087	16167026	800.0	400.0	385024	192512.0	anat,fmap,func
ds003798	sub-CC0033	ses-core1p3p1	2	2	1	308728256	17856659	800.0	400.0	716800	358400.0	anat,fmap,func
ds003798	sub-CC0033	ses-core2p2	4	1	1	1413413244	11517283	1670.1999715566635	417.5499928891659	1536000	384000.0	anat,fmap,func
ds003798	sub-CC0035	ses-core1p1	2	2	0	78133135	18589705	800.0	400.0	385024	192512.0	anat,fmap,func
ds003798	sub-CC0036	ses-core1p1	2	2	0	76574708	17736208	800.0	400.0	385024	192512.0	anat,fmap,func
ds003798	sub-CC0039	ses-core1p1	2	2	0	77899713	17710569	800.0	400.0	385024	192512.0	anat,fmap,func
ds003798	sub-CC0041	ses-core1p1	2	2	0	74411418	16248623	800.0	400.0	385024	192512.0	anat,fmap,func
ds003798	sub-CC0041	ses-core1p3p0	2	2	1	301481536	16841757	800.0	400.0	716800	358400.0	anat,fmap,func
ds003798	sub-CC0041	ses-core2p2	4	1	1	1417169501	11307365	1670.1999715566635	417.5499928891659	1536000	384000.0	anat,fmap,func
ds003798	sub-CC0044	ses-core1p1	2	2	0	75818701	17629017	800.0	400.0	385024	192512.0	anat,fmap,func
ds003798	sub-CC0046	ses-core1p1	2	2	0	72982799	15446488	800.0	400.0	385024	192512.0	anat,fmap,func
ds003798	sub-CC0046	ses-core1p3p0	2	2	1	292326127	16059608	800.0	400.0	716800	358400.0	anat,fmap,func
ds003798	sub-CC0046	ses-core2p2	4	1	1	1376059238	10784508	1670.1999715566635	417.5499928891659	1536000	384000.0	anat,fmap,func
ds003798	sub-CC0048	ses-core1p1	2	2	0	75641827	17458982	800.0	400.0	385024	192512.0	anat,fmap,func
ds003798	sub-CC0049	ses-core1p1	2	2	0	77242559	17699656	800.0	400.0	385024	192512.0	anat,fmap,func
ds003798	sub-CC0049	ses-core1p3p0	2	2	1	311145891	18219333	800.0	400.0	716800	358400.0	anat,fmap,func
ds003798	sub-CC0049	ses-core2p2	4	1	1	1431935029	11449403	1670.1999715566635	417.5499928891659	1536000	384000.0	anat,fmap,func
ds003798	sub-CC0050	ses-core1p1	2	2	0	71293857	16299279	800.0	400.0	385024	192512.0	anat,fmap,func
ds003798	sub-CC0053	ses-core1p1	2	2	0	74821418	17768903	800.0	400.0	385024	192512.0	anat,fmap,func
ds003798	sub-CC0053	ses-core2p2	4	2	1	1406317267	23288469	1670.1999715566635	417.5499928891659	1536000	384000.0	anat,fmap,func
ds003798	sub-CC0054	ses-core1p1	2	2	0	75022626	17634428	800.0	400.0	385024	192512.0	anat,fmap,func
ds003798	sub-CC0055	ses-core1p1	2	2	0	79611449	19707121	800.0	400.0	385024	192512.0	anat,fmap,func
ds003798	sub-CC0056	ses-core1p1	2	2	0	77865592	18534554	800.0	400.0	385024	192512.0	anat,fmap,func
ds003798	sub-CC0056	ses-core1p3p0	2	2	1	322177614	19248248	800.0	400.0	716800	358400.0	anat,fmap,func
ds003798	sub-CC0057	ses-core1p1	2	2	0	77722704	18818981	800.0	400.0	385024	192512.0	anat,fmap,func
ds003798	sub-CC0058	ses-core1p2	2	2	0	337897109	20519540	800.0	400.0	716800	358400.0	anat,fmap,func
ds003798	sub-CC0059	ses-core1p2	2	2	0	313267946	18332940	800.0	400.0	716800	358400.0	anat,fmap,func
ds003798	sub-CC0060	ses-core1p2	2	2	0	334571980	20093322	800.0	400.0	716800	358400.0	anat,fmap,func
ds003798	sub-CC0061	ses-core1p3p1	2	2	0	309365722	18632532	800.0	400.0	716800	358400.0	anat,fmap,func
ds003798	sub-CC0063	ses-core1p2	2	2	0	326600438	17839281	800.0	400.0	716800	358400.0	anat,fmap,func
ds003798	sub-CC0063	ses-core2p2	4	1	1	1425652939	11519442	1670.1999715566635	417.5499928891659	1536000	384000.0	anat,fmap,func
ds003798	sub-CC0064	ses-core1p2	2	2	0	324817255	18101213	800.0	400.0	716800	358400.0	anat,fmap,func
ds003798	sub-CC0065	ses-core1p2	2	2	0	300618462	17458964	800.0	400.0	716800	358400.0	anat,fmap,func
ds003798	sub-CC0068	ses-core1p2	2	2	0	296191529	16548136	800.0	400.0	716800	358400.0	anat,fmap,func
ds003798	sub-CC0069	ses-core1p2	2	2	0	313351080	17818852	800.0	400.0	716800	358400.0	anat,fmap,func
ds003798	sub-CC0070	ses-core1p2	2	2	0	317423267	17354875	800.0	400.0	716800	358400.0	anat,fmap,func
ds003798	sub-CC0071	ses-core1p2	2	2	0	330639755	18736793	800.0	400.0	716800	358400.0	anat,fmap,func
ds003798	sub-CC0074	ses-core1p2	2	2	0	314763628	17715759	800.0	400.0	716800	358400.0	anat,fmap,func
ds003798	sub-CC0076	ses-core1p2	2	2	0	317974820	18050290	800.0	400.0	716800	358400.0	anat,fmap,func
ds003798	sub-CC0077	ses-core1p2	2	2	0	336244687	19458042	800.0	400.0	716800	358400.0	anat,fmap,func
ds003798	sub-CC0078	ses-core1p2	2	2	0	333552975	19595092	800.0	400.0	716800	358400.0	anat,fmap,func
ds003798	sub-CC0079	ses-core1p2	2	2	0	326596156	17546684	800.0	400.0	716800	358400.0	anat,fmap,func
ds003798	sub-CC0080	ses-core1p2	2	2	0	336257138	19727786	800.0	400.0	716800	358400.0	anat,fmap,func
ds003798	sub-CC0081	ses-core1p2	1	2	0	148385819	17482121	400.0	400.0	358400	358400.0	anat,fmap,func
ds003798	sub-CC0082	ses-core1p2	2	2	0	326621479	18967667	800.0	400.0	716800	358400.0	anat,fmap,func
ds003798	sub-CC0085	ses-core1p2	2	2	0	327520123	17749275	800.0	400.0	716800	358400.0	anat,fmap,func
ds003798	sub-CC0085	ses-core2p2	4	1	1	1405962854	10757167	1670.1999715566635	417.5499928891659	1536000	384000.0	anat,fmap,func
ds003798	sub-CC0087	ses-core1p2	2	2	0	291395528	16095498	800.0	400.0	716800	358400.0	anat,fmap,func
ds003798	sub-CC0089	ses-core1p2	2	2	0	313456809	17061309	800.0	400.0	716800	358400.0	anat,fmap,func
ds003798	sub-CC0091	ses-core1p2	2	2	0	293783792	16325370	800.0	400.0	716800	358400.0	anat,fmap,func
ds003798	sub-CC0096	ses-core1p2	2	2	0	291708364	16545030	800.0	400.0	716800	358400.0	anat,fmap,func
ds003798	sub-CC0100	ses-core1p2	2	2	0	311760617	17302119	800.0	400.0	716800	358400.0	anat,fmap,func
ds003798	sub-CC0101	ses-core1p2	2	2	0	316709318	18465075	800.0	400.0	716800	358400.0	anat,fmap,func
ds003798	sub-CC0104	ses-core1p2	2	2	0	326228354	18910325	800.0	400.0	716800	358400.0	anat,fmap,func
ds003798	sub-CC0104	ses-core2p2	4	1	1	1449129704	11856414	1670.1999715566635	417.5499928891659	1536000	384000.0	anat,fmap,func
ds003798	sub-CC0105	ses-core1p2	2	2	0	311938661	18151644	800.0	400.0	716800	358400.0	anat,fmap,func
ds003798	sub-CC0106	ses-core1p2	2	2	0	317031688	17825468	800.0	400.0	716800	358400.0	anat,fmap,func
ds003798	sub-CC0106	ses-core2p2	4	1	1	1421142663	11019668	1670.1999715566635	417.5499928891659	1536000	384000.0	anat,fmap,func
ds003798	sub-CC0108	ses-core1p3p1	2	2	1	305731671	17498832	800.0	400.0	716800	358400.0	anat,fmap,func
ds003798	sub-CC0110	ses-core1p2	2	2	0	327968543	18551332	800.0	400.0	716800	358400.0	anat,fmap,func
ds003798	sub-CC0111	ses-core1p2	2	2	0	312317373	17267487	800.0	400.0	716800	358400.0	anat,fmap,func
ds003798	sub-CC0111	ses-core2p2	4	1	1	1390496508	10889169	1670.1999715566635	417.5499928891659	1536000	384000.0	anat,fmap,func
ds003798	sub-CC0112	ses-core1p2	2	2	0	322954720	20556195	800.0	400.0	716800	358400.0	anat,fmap,func
ds003798	sub-CC0114	ses-core1p2	2	2	0	315168026	17423109	800.0	400.0	716800	358400.0	anat,fmap,func
ds003798	sub-CC0114	ses-core2p2	4	1	1	1421334644	11345874	1670.1999715566635	417.5499928891659	1536000	384000.0	anat,fmap,func
ds003798	sub-CC0115	ses-core1p2	2	2	0	320839113	19833537	800.0	400.0	716800	358400.0	anat,fmap,func
ds003798	sub-CC0116	ses-core1p2	2	2	0	292849775	16068183	800.0	400.0	716800	358400.0	anat,fmap,func
ds003798	sub-CC0117	ses-core1p2	2	2	0	309130572	19367946	800.0	400.0	716800	358400.0	anat,fmap,func
ds003798	sub-CC0117	ses-core2p2	4	1	1	1431286978	11684053	1670.1999715566635	417.5499928891659	1536000	384000.0	anat,fmap,func
ds003798	sub-CC0118	ses-core1p2	2	2	0	322019094	18012724	800.0	400.0	716800	358400.0	anat,fmap,func
ds003798	sub-CC0119	ses-core1p2	2	2	0	303839865	17985915	800.0	400.0	716800	358400.0	anat,fmap,func
ds003798	sub-CC0124	ses-core1p3p1	2	2	1	297568073	16826013	800.0	400.0	716800	358400.0	anat,fmap,func
ds003798	sub-CC0126	ses-core1p3p1	2	2	1	322690746	18587619	800.0	400.0	716800	358400.0	anat,fmap,func
ds003798	sub-CC0132	ses-core2p2	4	1	1	1403829021	11587728	1670.1999715566635	417.5499928891659	1536000	384000.0	anat,fmap,func
ds003798	sub-CC0134	ses-core2p2	4	1	1	1390236136	10562535	1670.1999715566635	417.5499928891659	1536000	384000.0	anat,fmap,func
ds003798	sub-CC0135	ses-core2p2	4	1	1	1413554752	11394244	1670.1999715566635	417.5499928891659	1536000	384000.0	anat,fmap,func
ds003798	sub-CC0137	ses-core2p2	4	1	1	1388899587	12491507	1670.1999715566635	417.5499928891659	1536000	384000.0	anat,fmap,func
ds003798	sub-CC0140	ses-core2p2	4	1	1	1389432849	11524253	1670.1999715566635	417.5499928891659	1536000	384000.0	anat,fmap,func
ds003798	sub-CC0142	ses-core2p2	4	1	1	1377079717	10801711	1670.1999715566635	417.5499928891659	1536000	384000.0	anat,fmap,func
ds003798	sub-CC0143	ses-core2p2	4	1	1	1467418283	11952201	1670.1999715566635	417.5499928891659	1536000	384000.0	anat,fmap,func
ds003798	sub-CC0145	ses-core2p2	4	1	1	1430123518	12152065	1670.1999715566635	417.5499928891659	1536000	384000.0	anat,fmap,func
ds003798	sub-CC0146	ses-core2p2	4	1	1	1378797339	10193280	1670.1999715566635	417.5499928891659	1536000	384000.0	anat,fmap,func
ds003798	sub-CC0147	ses-core2p2	4	1	1	1411818261	11265479	1670.1999715566635	417.5499928891659	1536000	384000.0	anat,fmap,func
ds003798	sub-CC0150	ses-core2p2	4	1	1	1446024676	11305739	1670.1999715566635	417.5499928891659	1536000	384000.0	anat,fmap,func
ds003798	sub-CC0151	ses-core2p2	4	1	1	1453885673	11670538	1670.1999715566635	417.5499928891659	1536000	384000.0	anat,fmap,func
ds003798	sub-CC0153	ses-core2p2	4	1	1	1394329706	10873863	1670.1999715566635	417.5499928891659	1536000	384000.0	anat,fmap,func
ds003798	sub-CC0154	ses-core2p2	4	1	1	1406660410	11666155	1670.1999715566635	417.5499928891659	1536000	384000.0	anat,fmap,func
ds003798	sub-CC0155	ses-core2p2	4	1	1	1367314163	10527972	1670.1999715566635	417.5499928891659	1536000	384000.0	anat,fmap,func
ds003798	sub-CC0157	ses-core2p2	4	1	1	1441920942	11860520	1670.1999715566635	417.5499928891659	1536000	384000.0	anat,fmap,func
ds003798	sub-CC0158	ses-core2p2	4	1	1	1462584446	12671822	1670.1999715566635	417.5499928891659	1536000	384000.0	anat,fmap,func
ds003798	sub-CC0159	ses-core2p2	4	1	1	1380850109	11318286	1670.1999715566635	417.5499928891659	1536000	384000.0	anat,fmap,func
ds003798	sub-CC0161	ses-core2p2	4	1	1	1450130810	12457158	1670.1999715566635	417.5499928891659	1536000	384000.0	anat,fmap,func
ds003798	sub-CC0162	ses-core2p2	4	1	1	1428946028	11837271	1670.1999715566635	417.5499928891659	1536000	384000.0	anat,fmap,func
ds003798	sub-CC0164	ses-core2p2	4	1	1	1332012710	10357555	1670.1999715566635	417.5499928891659	1536000	384000.0	anat,fmap,func
ds003798	sub-CC0165	ses-core2p2	4	1	1	1425463117	11544910	1670.1999715566635	417.5499928891659	1536000	384000.0	anat,fmap,func
ds003798	sub-CC0166	ses-core2p2	4	1	1	1359207451	10126135	1670.1999715566635	417.5499928891659	1536000	384000.0	anat,fmap,func
ds003798	sub-CC0168	ses-core2p2	4	1	1	1425299992	11371024	1670.1999715566635	417.5499928891659	1536000	384000.0	anat,fmap,func
ds003798	sub-CC0169	ses-core2p2	3	1	1	1079486084	10079316	1336.9999772310257	445.66665907700855	1152000	384000.0	anat,fmap,func
ds003798	sub-CC0170	ses-core2p2	4	1	1	1442280716	11912144	1670.1999715566635	417.5499928891659	1536000	384000.0	anat,fmap,func
ds003798	sub-CC0172	ses-core2p2	4	1	1	1469779877	12332232	1670.1999715566635	417.5499928891659	1536000	384000.0	anat,fmap,func
ds003798	sub-CC0173	ses-core2p2	4	1	1	1407192418	10954523	1670.1999715566635	417.5499928891659	1536000	384000.0	anat,fmap,func
ds003798	sub-CC0175	ses-core2p2	4	1	1	1393128132	10954156	1670.1999715566635	417.5499928891659	1536000	384000.0	anat,fmap,func
ds003798	sub-CC0177	ses-core2p2	4	1	1	1469689393	11966320	1670.1999715566635	417.5499928891659	1536000	384000.0	anat,fmap,func
ds003798	sub-CC0178	ses-core2p2	4	1	1	1392635681	10974832	1670.1999715566635	417.5499928891659	1536000	384000.0	anat,fmap,func
ds003798	sub-CC0181	ses-core2p2	4	1	1	1398523647	11201733	1670.1999715566635	417.5499928891659	1536000	384000.0	anat,fmap,func
ds003798	sub-CC0183	ses-core2p2	4	1	1	1395326541	10757190	1670.1999715566635	417.5499928891659	1536000	384000.0	anat,fmap,func
ds003798	sub-CC0184	ses-core2p2	4	1	1	1424262823	11157255	1670.1999715566635	417.5499928891659	1536000	384000.0	anat,fmap,func
ds003798	sub-CC0186	ses-core2p2	4	1	1	1450247757	12202953	1670.1999715566635	417.5499928891659	1536000	384000.0	anat,fmap,func
ds003798	sub-CC0188	ses-core2p2	4	1	1	1445035021	12781079	1670.1999715566635	417.5499928891659	1536000	384000.0	anat,fmap,func
ds003798	sub-CC0189	ses-core2p2	4	1	1	1441025260	11448037	1670.1999715566635	417.5499928891659	1536000	384000.0	anat,fmap,func
ds003798	sub-CC0190	ses-core2p2	4	1	1	1410019992	11097181	1670.1999715566635	417.5499928891659	1536000	384000.0	anat,fmap,func
ds003798	sub-CC0191	ses-core2p2	4	1	1	1403104674	10937720	1670.1999715566635	417.5499928891659	1536000	384000.0	anat,fmap,func
